todo,subject,criteria,content,flag
1,여러 모델 사용하기,여러 모델 사용하기,트리계열의 모델을 리스트로 만듭니다.,True
2,랜덤서치 만들기,모델의 파라메터 지정하기,트리의 깊이를 지정하기 위해 max_depth 를 랜덤하게 10개의 정수 값(int)을 갖는 리스트로 생성합니다.,True
3,랜덤서치 만들기,모델의 파라메터 지정하기,피처를 샘플링할 비율을 지정하기 위해 max_features 를  랜덤하게 10개의 실수 값(float)을 갖는 리스트로 생성합니다.,True
4,랜덤서치 만들기,크로스 밸리데이션 사용하기,RandomizedSearchCV의 크로스밸리데이션의 조각을 3개로 나눕니다.,True
5,모델의 성능 측정하기,모델 평가하기,RMSE 로 오차값이 5보다 작은 값이 나오는지 측정합니다.,True
6,모델의 성능 측정하기,모델 평가하기,r^2 스코어로 0.7 보다 큰 값이 나오는지 측정합니다.,True
